Workbook

Sheet הנחות
A1: הנחות וקבועים — עדכנו את התאים הצהובים בלבד
A3: פרמטר | B3: ערך | C3: הערות
A4: מחיר למ"ר לפני מע"מ (לפי המכרז) | B4: 15022 | C4: נתון מהמשתמש — מכרז מחיר מטרה
A5: מקדם מרפסת לחישוב המחיר | B5: 0.3 | C5: הנחת עבודה מקובלת במכרזי מחיר מטרה/למשתכן — לאמת מול נספח התמורה בחוזה!
A6: מע"מ | B6: 0.18 | C6: שיעור מע"מ נכון ל-2026 — לעדכן אם ישתנה עד החתימה
A7: שיעור הנחה | B7: 0.2 | C7: הנמוך מבין 20% מהמחיר או תקרת ההנחה
A8: תקרת הנחה | B8: 300000 | C8: נתון מהמשתמש
A9: מחיר שוק משוער למ"ר (כולל מע"מ) | B9: 24000 | C9: הערכת מקום ראשונית לדירה חדשה בנוף צמרת/פ"ת — חובה לעדכן לפי עסקאות אמת/שמאות
A10: מקדם מרפסת בשווי שוק | B10: 0.5 | C10: הנחת עבודה לשווי מרפסת בשוק החופשי
A12: הערות חשובות:
A13: 1. על המחיר החוזי תתווסף הצמדה למדד תשומות הבנייה (לא מגולמת כאן) — ההצמדה חלה בדרך כלל על יתרת התשלומים.
A14: 2. הנתונים חולצו אוטומטית מקובץ ה-DWFX של תכניות המכר (גיליון R18367-X-XX-DP-A-001, Revit 2024, פרויקט "אדרת בצמרת - סירקין", מגרש 201).
A15: 3. שטחי מרפסות נלקחו מתוויות "מרפסת שמש" בתכניות, ואומתו פר טיפוס דירה על פני כל הקומות.
A16: 4. "פונה לפארק": הפארק הציבורי גובל במגרש ממזרח. ההנחה: בניינים 2-3 בצד המזרחי של המגרש — כיוון מזרח בהם פתוח לפארק; בבניין 1 מזרח מוסתר חלקית. לאמת מול תשריט הפיתוח!
A17: 5. בקומה טיפוסית 2-3 מוצגת תכנית אחת לשתי הקומות; מספרי הדירות בקומה 3 = קומה 2 + 5 (אומת מול טבלאות התכנית).
A18: 6. דירות 3G (בניין 3, דירות 1-2) כוללות חצר פרטית ששטחה אינו מסומן בתכנית.
A19: 7. שדה "תקרת מחיר מטרה" = הכיתוב "שייכות מחיר מטרה עד 80/110 מ"ר" המופיע בטבלת כל דירה בתכנית.

Sheet דירות מחיר מטרה
A1: בניין | B1: דירה | C1: קומה | D1: טיפוס | E1: חדרים | F1: שטח דירה (מ"ר) | G1: מרפסת שמש (מ"ר) | H1: מס' מרפסות | I1: חצר | J1: כיווני אוויר | K1: פונה לפארק | L1: תקרת מחיר מטרה (מ"ר) | M1: שטח לתמחור (מ"ר) | N1: מחיר לפני מע"מ | O1: מחיר כולל מע"מ | P1: הנחה | Q1: מחיר נטו לתשלום | R1: שווי שוק משוער | S1: רווח גולמי משוער | T1: דירוג רווח
A2: 1 | B2: 2 | C2: 1 | D2: 1A | E2: 3 | F2: 87.77 | G2: 21.67 | H2: 2 | J2: מערב - צפון | L2: 110 | M2: =F2+הנחות!$B$5*G2 -> 94.271 | N2: =ROUND(M2*הנחות!$B$4,0) -> 1416139 | O2: =ROUND(N2*(1+הנחות!$B$6),0) -> 1671044 | P2: =MIN(הנחות!$B$7*O2,הנחות!$B$8) -> 300000 | Q2: =O2-P2 -> 1371044 | R2: =ROUND(הנחות!$B$9*(F2+הנחות!$B$10*G2),0) -> 2366520 | S2: =R2-Q2 -> 995476 | T2: =RANK(S2,S$2:S$85) -> 40
A3: 1 | B3: 3 | C3: 1 | D3: 1B | E3: 4 | F3: 107.95 | G3: 11.88 | H3: 1 | J3: מזרח - צפון | K3: חלקי | L3: 110 | M3: =F3+הנחות!$B$5*G3 -> 111.514 | N3: =ROUND(M3*הנחות!$B$4,0) -> 1675163 | O3: =ROUND(N3*(1+הנחות!$B$6),0) -> 1976692 | P3: =MIN(הנחות!$B$7*O3,הנחות!$B$8) -> 300000 | Q3: =O3-P3 -> 1676692 | R3: =ROUND(הנחות!$B$9*(F3+הנחות!$B$10*G3),0) -> 2733360 | S3: =R3-Q3 -> 1056668 | T3: =RANK(S3,S$2:S$85) -> 27
A4: 1 | B4: 4 | C4: 1 | D4: 1C | E4: 3 | F4: 79.72 | G4: 13.6 | H4: 1 | J4: מזרח - דרום | K4: חלקי | L4: 80 | M4: =F4+הנחות!$B$5*G4 -> 83.8 | N4: =ROUND(M4*הנחות!$B$4,0) -> 1258844 | O4: =ROUND(N4*(1+הנחות!$B$6),0) -> 1485436 | P4: =MIN(הנחות!$B$7*O4,הנחות!$B$8) -> 297087.2 | Q4: =O4-P4 -> 1188348.8 | R4: =ROUND(הנחות!$B$9*(F4+הנחות!$B$10*G4),0) -> 2076480 | S4: =R4-Q4 -> 888131.2 | T4: =RANK(S4,S$2:S$85) -> 62
A5: 1 | B5: 5 | C5: 1 | D5: 1D | E5: 3 | F5: 78.78 | G5: 7.4 | H5: 1 | J5: דרום | L5: 80 | M5: =F5+הנחות!$B$5*G5 -> 81 | N5: =ROUND(M5*הנחות!$B$4,0) -> 1216782 | O5: =ROUND(N5*(1+הנחות!$B$6),0) -> 1435803 | P5: =MIN(הנחות!$B$7*O5,הנחות!$B$8) -> 287160.6 | Q5: =O5-P5 -> 1148642.4 | R5: =ROUND(הנחות!$B$9*(F5+הנחות!$B$10*G5),0) -> 1979520 | S5: =R5-Q5 -> 830877.6 | T5: =RANK(S5,S$2:S$85) -> 68
A6: 1 | B6: 6 | C6: 1 | D6: 1E | E6: 4 | F6: 109.6 | G6: 13.01 | H6: 1 | J6: מערב - דרום | L6: 110 | M6: =F6+הנחות!$B$5*G6 -> 113.503 | N6: =ROUND(M6*הנחות!$B$4,0) -> 1705042 | O6: =ROUND(N6*(1+הנחות!$B$6),0) -> 2011950 | P6: =MIN(הנחות!$B$7*O6,הנחות!$B$8) -> 300000 | Q6: =O6-P6 -> 1711950 | R6: =ROUND(הנחות!$B$9*(F6+הנחות!$B$10*G6),0) -> 2786520 | S6: =R6-Q6 -> 1074570 | T6: =RANK(S6,S$2:S$85) -> 7
A7: 1 | B7: 7 | C7: 2 | D7: 1A | E7: 3 | F7: 87.77 | G7: 21.67 | H7: 2 | J7: מערב - צפון | L7: 110 | M7: =F7+הנחות!$B$5*G7 -> 94.271 | N7: =ROUND(M7*הנחות!$B$4,0) -> 1416139 | O7: =ROUND(N7*(1+הנחות!$B$6),0) -> 1671044 | P7: =MIN(הנחות!$B$7*O7,הנחות!$B$8) -> 300000 | Q7: =O7-P7 -> 1371044 | R7: =ROUND(הנחות!$B$9*(F7+הנחות!$B$10*G7),0) -> 2366520 | S7: =R7-Q7 -> 995476 | T7: =RANK(S7,S$2:S$85) -> 40
A8: 1 | B8: 8 | C8: 2 | D8: 1B | E8: 4 | F8: 107.95 | G8: 11.88 | H8: 1 | J8: מזרח - צפון | K8: חלקי | L8: 110 | M8: =F8+הנחות!$B$5*G8 -> 111.514 | N8: =ROUND(M8*הנחות!$B$4,0) -> 1675163 | O8: =ROUND(N8*(1+הנחות!$B$6),0) -> 1976692 | P8: =MIN(הנחות!$B$7*O8,הנחות!$B$8) -> 300000 | Q8: =O8-P8 -> 1676692 | R8: =ROUND(הנחות!$B$9*(F8+הנחות!$B$10*G8),0) -> 2733360 | S8: =R8-Q8 -> 1056668 | T8: =RANK(S8,S$2:S$85) -> 27
A9: 1 | B9: 9 | C9: 2 | D9: 1C | E9: 3 | F9: 79.72 | G9: 13.6 | H9: 1 | J9: מזרח - דרום | K9: חלקי | L9: 80 | M9: =F9+הנחות!$B$5*G9 -> 83.8 | N9: =ROUND(M9*הנחות!$B$4,0) -> 1258844 | O9: =ROUND(N9*(1+הנחות!$B$6),0) -> 1485436 | P9: =MIN(הנחות!$B$7*O9,הנחות!$B$8) -> 297087.2 | Q9: =O9-P9 -> 1188348.8 | R9: =ROUND(הנחות!$B$9*(F9+הנחות!$B$10*G9),0) -> 2076480 | S9: =R9-Q9 -> 888131.2 | T9: =RANK(S9,S$2:S$85) -> 62
A10: 1 | B10: 10 | C10: 2 | D10: 1D | E10: 3 | F10: 78.78 | G10: 7.4 | H10: 1 | J10: דרום | L10: 80 | M10: =F10+הנחות!$B$5*G10 -> 81 | N10: =ROUND(M10*הנחות!$B$4,0) -> 1216782 | O10: =ROUND(N10*(1+הנחות!$B$6),0) -> 1435803 | P10: =MIN(הנחות!$B$7*O10,הנחות!$B$8) -> 287160.6 | Q10: =O10-P10 -> 1148642.4 | R10: =ROUND(הנחות!$B$9*(F10+הנחות!$B$10*G10),0) -> 1979520 | S10: =R10-Q10 -> 830877.6 | T10: =RANK(S10,S$2:S$85) -> 68
A11: 1 | B11: 11 | C11: 2 | D11: 1E | E11: 4 | F11: 109.6 | G11: 13.01 | H11: 1 | J11: מערב - דרום | L11: 110 | M11: =F11+הנחות!$B$5*G11 -> 113.503 | N11: =ROUND(M11*הנחות!$B$4,0) -> 1705042 | O11: =ROUND(N11*(1+הנחות!$B$6),0) -> 2011950 | P11: =MIN(הנחות!$B$7*O11,הנחות!$B$8) -> 300000 | Q11: =O11-P11 -> 1711950 | R11: =ROUND(הנחות!$B$9*(F11+הנחות!$B$10*G11),0) -> 2786520 | S11: =R11-Q11 -> 1074570 | T11: =RANK(S11,S$2:S$85) -> 7
A12: 1 | B12: 12 | C12: 3 | D12: 1A | E12: 3 | F12: 87.77 | G12: 21.67 | H12: 2 | J12: מערב - צפון | L12: 110 | M12: =F12+הנחות!$B$5*G12 -> 94.271 | N12: =ROUND(M12*הנחות!$B$4,0) -> 1416139 | O12: =ROUND(N12*(1+הנחות!$B$6),0) -> 1671044 | P12: =MIN(הנחות!$B$7*O12,הנחות!$B$8) -> 300000 | Q12: =O12-P12 -> 1371044 | R12: =ROUND(הנחות!$B$9*(F12+הנחות!$B$10*G12),0) -> 2366520 | S12: =R12-Q12 -> 995476 | T12: =RANK(S12,S$2:S$85) -> 40
A13: 1 | B13: 13 | C13: 3 | D13: 1B | E13: 4 | F13: 107.95 | G13: 11.88 | H13: 1 | J13: מזרח - צפון | K13: חלקי | L13: 110 | M13: =F13+הנחות!$B$5*G13 -> 111.514 | N13: =ROUND(M13*הנחות!$B$4,0) -> 1675163 | O13: =ROUND(N13*(1+הנחות!$B$6),0) -> 1976692 | P13: =MIN(הנחות!$B$7*O13,הנחות!$B$8) -> 300000 | Q13: =O13-P13 -> 1676692 | R13: =ROUND(הנחות!$B$9*(F13+הנחות!$B$10*G13),0) -> 2733360 | S13: =R13-Q13 -> 1056668 | T13: =RANK(S13,S$2:S$85) -> 27
A14: 1 | B14: 14 | C14: 3 | D14: 1C | E14: 3 | F14: 79.72 | G14: 13.6 | H14: 1 | J14: מזרח - דרום | K14: חלקי | L14: 80 | M14: =F14+הנחות!$B$5*G14 -> 83.8 | N14: =ROUND(M14*הנחות!$B$4,0) -> 1258844 | O14: =ROUND(N14*(1+הנחות!$B$6),0) -> 1485436 | P14: =MIN(הנחות!$B$7*O14,הנחות!$B$8) -> 297087.2 | Q14: =O14-P14 -> 1188348.8 | R14: =ROUND(הנחות!$B$9*(F14+הנחות!$B$10*G14),0) -> 2076480 | S14: =R14-Q14 -> 888131.2 | T14: =RANK(S14,S$2:S$85) -> 62
A15: 1 | B15: 15 | C15: 3 | D15: 1D | E15: 3 | F15: 78.78 | G15: 7.4 | H15: 1 | J15: דרום | L15: 80 | M15: =F15+הנחות!$B$5*G15 -> 81 | N15: =ROUND(M15*הנחות!$B$4,0) -> 1216782 | O15: =ROUND(N15*(1+הנחות!$B$6),0) -> 1435803 | P15: =MIN(הנחות!$B$7*O15,הנחות!$B$8) -> 287160.6 | Q15: =O15-P15 -> 1148642.4 | R15: =ROUND(הנחות!$B$9*(F15+הנחות!$B$10*G15),0) -> 1979520 | S15: =R15-Q15 -> 830877.6 | T15: =RANK(S15,S$2:S$85) -> 68
A16: 1 | B16: 16 | C16: 3 | D16: 1E | E16: 4 | F16: 109.6 | G16: 13.01 | H16: 1 | J16: מערב - דרום | L16: 110 | M16: =F16+הנחות!$B$5*G16 -> 113.503 | N16: =ROUND(M16*הנחות!$B$4,0) -> 1705042 | O16: =ROUND(N16*(1+הנחות!$B$6),0) -> 2011950 | P16: =MIN(הנחות!$B$7*O16,הנחות!$B$8) -> 300000 | Q16: =O16-P16 -> 1711950 | R16: =ROUND(הנחות!$B$9*(F16+הנחות!$B$10*G16),0) -> 2786520 | S16: =R16-Q16 -> 1074570 | T16: =RANK(S16,S$2:S$85) -> 7
A17: 1 | B17: 17 | C17: 4 | D17: 1A | E17: 3 | F17: 87.77 | G17: 21.67 | H17: 2 | J17: מערב - צפון | L17: 110 | M17: =F17+הנחות!$B$5*G17 -> 94.271 | N17: =ROUND(M17*הנחות!$B$4,0) -> 1416139 | O17: =ROUND(N17*(1+הנחות!$B$6),0) -> 1671044 | P17: =MIN(הנחות!$B$7*O17,הנחות!$B$8) -> 300000 | Q17: =O17-P17 -> 1371044 | R17: =ROUND(הנחות!$B$9*(F17+הנחות!$B$10*G17),0) -> 2366520 | S17: =R17-Q17 -> 995476 | T17: =RANK(S17,S$2:S$85) -> 40
A18: 1 | B18: 18 | C18: 4 | D18: 1B | E18: 4 | F18: 107.95 | G18: 11.88 | H18: 1 | J18: מזרח - צפון | K18: חלקי | L18: 110 | M18: =F18+הנחות!$B$5*G18 -> 111.514 | N18: =ROUND(M18*הנחות!$B$4,0) -> 1675163 | O18: =ROUND(N18*(1+הנחות!$B$6),0) -> 1976692 | P18: =MIN(הנחות!$B$7*O18,הנחות!$B$8) -> 300000 | Q18: =O18-P18 -> 1676692 | R18: =ROUND(הנחות!$B$9*(F18+הנחות!$B$10*G18),0) -> 2733360 | S18: =R18-Q18 -> 1056668 | T18: =RANK(S18,S$2:S$85) -> 27
A19: 1 | B19: 19 | C19: 4 | D19: 1C | E19: 3 | F19: 79.72 | G19: 13.6 | H19: 1 | J19: מזרח - דרום | K19: חלקי | L19: 80 | M19: =F19+הנחות!$B$5*G19 -> 83.8 | N19: =ROUND(M19*הנחות!$B$4,0) -> 1258844 | O19: =ROUND(N19*(1+הנחות!$B$6),0) -> 1485436 | P19: =MIN(הנחות!$B$7*O19,הנחות!$B$8) -> 297087.2 | Q19: =O19-P19 -> 1188348.8 | R19: =ROUND(הנחות!$B$9*(F19+הנחות!$B$10*G19),0) -> 2076480 | S19: =R19-Q19 -> 888131.2 | T19: =RANK(S19,S$2:S$85) -> 62
A20: 1 | B20: 20 | C20: 4 | D20: 1D | E20: 3 | F20: 78.78 | G20: 7.4 | H20: 1 | J20: דרום | L20: 80 | M20: =F20+הנחות!$B$5*G20 -> 81 | N20: =ROUND(M20*הנחות!$B$4,0) -> 1216782 | O20: =ROUND(N20*(1+הנחות!$B$6),0) -> 1435803 | P20: =MIN(הנחות!$B$7*O20,הנחות!$B$8) -> 287160.6 | Q20: =O20-P20 -> 1148642.4 | R20: =ROUND(הנחות!$B$9*(F20+הנחות!$B$10*G20),0) -> 1979520 | S20: =R20-Q20 -> 830877.6 | T20: =RANK(S20,S$2:S$85) -> 68
A21: 1 | B21: 21 | C21: 4 | D21: 1E | E21: 4 | F21: 109.6 | G21: 13.01 | H21: 1 | J21: מערב - דרום | L21: 110 | M21: =F21+הנחות!$B$5*G21 -> 113.503 | N21: =ROUND(M21*הנחות!$B$4,0) -> 1705042 | O21: =ROUND(N21*(1+הנחות!$B$6),0) -> 2011950 | P21: =MIN(הנחות!$B$7*O21,הנחות!$B$8) -> 300000 | Q21: =O21-P21 -> 1711950 | R21: =ROUND(הנחות!$B$9*(F21+הנחות!$B$10*G21),0) -> 2786520 | S21: =R21-Q21 -> 1074570 | T21: =RANK(S21,S$2:S$85) -> 7
A22: 1 | B22: 22 | C22: 5 | D22: 1A | E22: 3 | F22: 87.77 | G22: 21.67 | H22: 2 | J22: מערב - צפון | L22: 110 | M22: =F22+הנחות!$B$5*G22 -> 94.271 | N22: =ROUND(M22*הנחות!$B$4,0) -> 1416139 | O22: =ROUND(N22*(1+הנחות!$B$6),0) -> 1671044 | P22: =MIN(הנחות!$B$7*O22,הנחות!$B$8) -> 300000 | Q22: =O22-P22 -> 1371044 | R22: =ROUND(הנחות!$B$9*(F22+הנחות!$B$10*G22),0) -> 2366520 | S22: =R22-Q22 -> 995476 | T22: =RANK(S22,S$2:S$85) -> 40
A23: 1 | B23: 23 | C23: 5 | D23: 1B | E23: 4 | F23: 107.95 | G23: 11.88 | H23: 1 | J23: מזרח - צפון | K23: חלקי | L23: 110 | M23: =F23+הנחות!$B$5*G23 -> 111.514 | N23: =ROUND(M23*הנחות!$B$4,0) -> 1675163 | O23: =ROUND(N23*(1+הנחות!$B$6),0) -> 1976692 | P23: =MIN(הנחות!$B$7*O23,הנחות!$B$8) -> 300000 | Q23: =O23-P23 -> 1676692 | R23: =ROUND(הנחות!$B$9*(F23+הנחות!$B$10*G23),0) -> 2733360 | S23: =R23-Q23 -> 1056668 | T23: =RANK(S23,S$2:S$85) -> 27
A24: 1 | B24: 24 | C24: 5 | D24: 1C | E24: 3 | F24: 79.72 | G24: 13.6 | H24: 1 | J24: מזרח - דרום | K24: חלקי | L24: 80 | M24: =F24+הנחות!$B$5*G24 -> 83.8 | N24: =ROUND(M24*הנחות!$B$4,0) -> 1258844 | O24: =ROUND(N24*(1+הנחות!$B$6),0) -> 1485436 | P24: =MIN(הנחות!$B$7*O24,הנחות!$B$8) -> 297087.2 | Q24: =O24-P24 -> 1188348.8 | R24: =ROUND(הנחות!$B$9*(F24+הנחות!$B$10*G24),0) -> 2076480 | S24: =R24-Q24 -> 888131.2 | T24: =RANK(S24,S$2:S$85) -> 62
A25: 1 | B25: 25 | C25: 5 | D25: 1D | E25: 3 | F25: 78.78 | G25: 7.4 | H25: 1 | J25: דרום | L25: 80 | M25: =F25+הנחות!$B$5*G25 -> 81 | N25: =ROUND(M25*הנחות!$B$4,0) -> 1216782 | O25: =ROUND(N25*(1+הנחות!$B$6),0) -> 1435803 | P25: =MIN(הנחות!$B$7*O25,הנחות!$B$8) -> 287160.6 | Q25: =O25-P25 -> 1148642.4 | R25: =ROUND(הנחות!$B$9*(F25+הנחות!$B$10*G25),0) -> 1979520 | S25: =R25-Q25 -> 830877.6 | T25: =RANK(S25,S$2:S$85) -> 68
A26: 1 | B26: 26 | C26: 5 | D26: 1E | E26: 4 | F26: 109.6 | G26: 13.01 | H26: 1 | J26: מערב - דרום | L26: 110 | M26: =F26+הנחות!$B$5*G26 -> 113.503 | N26: =ROUND(M26*הנחות!$B$4,0) -> 1705042 | O26: =ROUND(N26*(1+הנחות!$B$6),0) -> 2011950 | P26: =MIN(הנחות!$B$7*O26,הנחות!$B$8) -> 300000 | Q26: =O26-P26 -> 1711950 | R26: =ROUND(הנחות!$B$9*(F26+הנחות!$B$10*G26),0) -> 2786520 | S26: =R26-Q26 -> 1074570 | T26: =RANK(S26,S$2:S$85) -> 7
A27: 1 | B27: 27 | C27: 6 | D27: 1A | E27: 3 | F27: 87.77 | G27: 21.67 | H27: 2 | J27: מערב - צפון | L27: 110 | M27: =F27+הנחות!$B$5*G27 -> 94.271 | N27: =ROUND(M27*הנחות!$B$4,0) -> 1416139 | O27: =ROUND(N27*(1+הנחות!$B$6),0) -> 1671044 | P27: =MIN(הנחות!$B$7*O27,הנחות!$B$8) -> 300000 | Q27: =O27-P27 -> 1371044 | R27: =ROUND(הנחות!$B$9*(F27+הנחות!$B$10*G27),0) -> 2366520 | S27: =R27-Q27 -> 995476 | T27: =RANK(S27,S$2:S$85) -> 40
A28: 1 | B28: 28 | C28: 6 | D28: 1B | E28: 4 | F28: 107.95 | G28: 11.88 | H28: 1 | J28: מזרח - צפון | K28: חלקי | L28: 110 | M28: =F28+הנחות!$B$5*G28 -> 111.514 | N28: =ROUND(M28*הנחות!$B$4,0) -> 1675163 | O28: =ROUND(N28*(1+הנחות!$B$6),0) -> 1976692 | P28: =MIN(הנחות!$B$7*O28,הנחות!$B$8) -> 300000 | Q28: =O28-P28 -> 1676692 | R28: =ROUND(הנחות!$B$9*(F28+הנחות!$B$10*G28),0) -> 2733360 | S28: =R28-Q28 -> 1056668 | T28: =RANK(S28,S$2:S$85) -> 27
A29: 1 | B29: 29 | C29: 6 | D29: 1C | E29: 3 | F29: 79.72 | G29: 13.6 | H29: 1 | J29: מזרח - דרום | K29: חלקי | L29: 80 | M29: =F29+הנחות!$B$5*G29 -> 83.8 | N29: =ROUND(M29*הנחות!$B$4,0) -> 1258844 | O29: =ROUND(N29*(1+הנחות!$B$6),0) -> 1485436 | P29: =MIN(הנחות!$B$7*O29,הנחות!$B$8) -> 297087.2 | Q29: =O29-P29 -> 1188348.8 | R29: =ROUND(הנחות!$B$9*(F29+הנחות!$B$10*G29),0) -> 2076480 | S29: =R29-Q29 -> 888131.2 | T29: =RANK(S29,S$2:S$85) -> 62
A30: 1 | B30: 30 | C30: 6 | D30: 1D | E30: 3 | F30: 78.78 | G30: 7.4 | H30: 1 | J30: דרום | L30: 80 | M30: =F30+הנחות!$B$5*G30 -> 81 | N30: =ROUND(M30*הנחות!$B$4,0) -> 1216782 | O30: =ROUND(N30*(1+הנחות!$B$6),0) -> 1435803 | P30: =MIN(הנחות!$B$7*O30,הנחות!$B$8) -> 287160.6 | Q30: =O30-P30 -> 1148642.4 | R30: =ROUND(הנחות!$B$9*(F30+הנחות!$B$10*G30),0) -> 1979520 | S30: =R30-Q30 -> 830877.6 | T30: =RANK(S30,S$2:S$85) -> 68
A31: 1 | B31: 32 | C31: 7 | D31: 1A | E31: 3 | F31: 87.77 | G31: 21.67 | H31: 2 | J31: מערב - צפון | L31: 110 | M31: =F31+הנחות!$B$5*G31 -> 94.271 | N31: =ROUND(M31*הנחות!$B$4,0) -> 1416139 | O31: =ROUND(N31*(1+הנחות!$B$6),0) -> 1671044 | P31: =MIN(הנחות!$B$7*O31,הנחות!$B$8) -> 300000 | Q31: =O31-P31 -> 1371044 | R31: =ROUND(הנחות!$B$9*(F31+הנחות!$B$10*G31),0) -> 2366520 | S31: =R31-Q31 -> 995476 | T31: =RANK(S31,S$2:S$85) -> 40
A32: 1 | B32: 33 | C32: 7 | D32: 1B | E32: 4 | F32: 107.95 | G32: 11.88 | H32: 1 | J32: מזרח - צפון | K32: חלקי | L32: 110 | M32: =F32+הנחות!$B$5*G32 -> 111.514 | N32: =ROUND(M32*הנחות!$B$4,0) -> 1675163 | O32: =ROUND(N32*(1+הנחות!$B$6),0) -> 1976692 | P32: =MIN(הנחות!$B$7*O32,הנחות!$B$8) -> 300000 | Q32: =O32-P32 -> 1676692 | R32: =ROUND(הנחות!$B$9*(F32+הנחות!$B$10*G32),0) -> 2733360 | S32: =R32-Q32 -> 1056668 | T32: =RANK(S32,S$2:S$85) -> 27
A33: 2 | B33: 1 | C33: 1 | D33: 2A | E33: 4 | F33: 107.49 | G33: 11.89 | H33: 1 | J33: מערב - צפון | L33: 110 | M33: =F33+הנחות!$B$5*G33 -> 111.057 | N33: =ROUND(M33*הנחות!$B$4,0) -> 1668298 | O33: =ROUND(N33*(1+הנחות!$B$6),0) -> 1968592 | P33: =MIN(הנחות!$B$7*O33,הנחות!$B$8) -> 300000 | Q33: =O33-P33 -> 1668592 | R33: =ROUND(הנחות!$B$9*(F33+הנחות!$B$10*G33),0) -> 2722440 | S33: =R33-Q33 -> 1053848 | T33: =RANK(S33,S$2:S$85) -> 34
A34: 2 | B34: 2 | C34: 1 | D34: 2B | E34: 3 | F34: 87.66 | G34: 21.75 | H34: 2 | J34: מזרח - צפון | K34: כן | L34: 110 | M34: =F34+הנחות!$B$5*G34 -> 94.185 | N34: =ROUND(M34*הנחות!$B$4,0) -> 1414847 | O34: =ROUND(N34*(1+הנחות!$B$6),0) -> 1669519 | P34: =MIN(הנחות!$B$7*O34,הנחות!$B$8) -> 300000 | Q34: =O34-P34 -> 1369519 | R34: =ROUND(הנחות!$B$9*(F34+הנחות!$B$10*G34),0) -> 2364840 | S34: =R34-Q34 -> 995321 | T34: =RANK(S34,S$2:S$85) -> 47
A35: 2 | B35: 3 | C35: 1 | D35: 2C | E35: 4 | F35: 109.62 | G35: 12.91 | H35: 1 | J35: מזרח - דרום | K35: כן | L35: 110 | M35: =F35+הנחות!$B$5*G35 -> 113.493 | N35: =ROUND(M35*הנחות!$B$4,0) -> 1704892 | O35: =ROUND(N35*(1+הנחות!$B$6),0) -> 2011773 | P35: =MIN(הנחות!$B$7*O35,הנחות!$B$8) -> 300000 | Q35: =O35-P35 -> 1711773 | R35: =ROUND(הנחות!$B$9*(F35+הנחות!$B$10*G35),0) -> 2785800 | S35: =R35-Q35 -> 1074027 | T35: =RANK(S35,S$2:S$85) -> 12
A36: 2 | B36: 4 | C36: 1 | D36: 2D | E36: 3 | F36: 78.65 | G36: 7.35 | H36: 1 | J36: דרום | L36: 80 | M36: =F36+הנחות!$B$5*G36 -> 80.855 | N36: =ROUND(M36*הנחות!$B$4,0) -> 1214604 | O36: =ROUND(N36*(1+הנחות!$B$6),0) -> 1433233 | P36: =MIN(הנחות!$B$7*O36,הנחות!$B$8) -> 286646.6 | Q36: =O36-P36 -> 1146586.4 | R36: =ROUND(הנחות!$B$9*(F36+הנחות!$B$10*G36),0) -> 1975800 | S36: =R36-Q36 -> 829213.6 | T36: =RANK(S36,S$2:S$85) -> 79
A37: 2 | B37: 5 | C37: 1 | D37: 2E | E37: 3 | F37: 79.9 | G37: 13.83 | H37: 1 | J37: מערב - דרום | L37: 80 | M37: =F37+הנחות!$B$5*G37 -> 84.049 | N37: =ROUND(M37*הנחות!$B$4,0) -> 1262584 | O37: =ROUND(N37*(1+הנחות!$B$6),0) -> 1489849 | P37: =MIN(הנחות!$B$7*O37,הנחות!$B$8) -> 297969.8 | Q37: =O37-P37 -> 1191879.2 | R37: =ROUND(הנחות!$B$9*(F37+הנחות!$B$10*G37),0) -> 2083560 | S37: =R37-Q37 -> 891680.8 | T37: =RANK(S37,S$2:S$85) -> 53
A38: 2 | B38: 6 | C38: 2 | D38: 2A | E38: 4 | F38: 107.49 | G38: 11.89 | H38: 1 | J38: מערב - צפון | L38: 110 | M38: =F38+הנחות!$B$5*G38 -> 111.057 | N38: =ROUND(M38*הנחות!$B$4,0) -> 1668298 | O38: =ROUND(N38*(1+הנחות!$B$6),0) -> 1968592 | P38: =MIN(הנחות!$B$7*O38,הנחות!$B$8) -> 300000 | Q38: =O38-P38 -> 1668592 | R38: =ROUND(הנחות!$B$9*(F38+הנחות!$B$10*G38),0) -> 2722440 | S38: =R38-Q38 -> 1053848 | T38: =RANK(S38,S$2:S$85) -> 34
A39: 2 | B39: 7 | C39: 2 | D39: 2B | E39: 3 | F39: 87.66 | G39: 21.75 | H39: 2 | J39: מזרח - צפון | K39: כן | L39: 110 | M39: =F39+הנחות!$B$5*G39 -> 94.185 | N39: =ROUND(M39*הנחות!$B$4,0) -> 1414847 | O39: =ROUND(N39*(1+הנחות!$B$6),0) -> 1669519 | P39: =MIN(הנחות!$B$7*O39,הנחות!$B$8) -> 300000 | Q39: =O39-P39 -> 1369519 | R39: =ROUND(הנחות!$B$9*(F39+הנחות!$B$10*G39),0) -> 2364840 | S39: =R39-Q39 -> 995321 | T39: =RANK(S39,S$2:S$85) -> 47
A40: 2 | B40: 8 | C40: 2 | D40: 2C | E40: 4 | F40: 109.62 | G40: 12.91 | H40: 1 | J40: מזרח - דרום | K40: כן | L40: 110 | M40: =F40+הנחות!$B$5*G40 -> 113.493 | N40: =ROUND(M40*הנחות!$B$4,0) -> 1704892 | O40: =ROUND(N40*(1+הנחות!$B$6),0) -> 2011773 | P40: =MIN(הנחות!$B$7*O40,הנחות!$B$8) -> 300000 | Q40: =O40-P40 -> 1711773 | R40: =ROUND(הנחות!$B$9*(F40+הנחות!$B$10*G40),0) -> 2785800 | S40: =R40-Q40 -> 1074027 | T40: =RANK(S40,S$2:S$85) -> 12
A41: 2 | B41: 9 | C41: 2 | D41: 2D | E41: 3 | F41: 78.65 | G41: 7.35 | H41: 1 | J41: דרום | L41: 80 | M41: =F41+הנחות!$B$5*G41 -> 80.855 | N41: =ROUND(M41*הנחות!$B$4,0) -> 1214604 | O41: =ROUND(N41*(1+הנחות!$B$6),0) -> 1433233 | P41: =MIN(הנחות!$B$7*O41,הנחות!$B$8) -> 286646.6 | Q41: =O41-P41 -> 1146586.4 | R41: =ROUND(הנחות!$B$9*(F41+הנחות!$B$10*G41),0) -> 1975800 | S41: =R41-Q41 -> 829213.6 | T41: =RANK(S41,S$2:S$85) -> 79
A42: 2 | B42: 10 | C42: 2 | D42: 2E | E42: 3 | F42: 79.9 | G42: 13.83 | H42: 1 | J42: מערב - דרום | L42: 80 | M42: =F42+הנחות!$B$5*G42 -> 84.049 | N42: =ROUND(M42*הנחות!$B$4,0) -> 1262584 | O42: =ROUND(N42*(1+הנחות!$B$6),0) -> 1489849 | P42: =MIN(הנחות!$B$7*O42,הנחות!$B$8) -> 297969.8 | Q42: =O42-P42 -> 1191879.2 | R42: =ROUND(הנחות!$B$9*(F42+הנחות!$B$10*G42),0) -> 2083560 | S42: =R42-Q42 -> 891680.8 | T42: =RANK(S42,S$2:S$85) -> 53
A43: 2 | B43: 11 | C43: 3 | D43: 2A | E43: 4 | F43: 107.49 | G43: 11.89 | H43: 1 | J43: מערב - צפון | L43: 110 | M43: =F43+הנחות!$B$5*G43 -> 111.057 | N43: =ROUND(M43*הנחות!$B$4,0) -> 1668298 | O43: =ROUND(N43*(1+הנחות!$B$6),0) -> 1968592 | P43: =MIN(הנחות!$B$7*O43,הנחות!$B$8) -> 300000 | Q43: =O43-P43 -> 1668592 | R43: =ROUND(הנחות!$B$9*(F43+הנחות!$B$10*G43),0) -> 2722440 | S43: =R43-Q43 -> 1053848 | T43: =RANK(S43,S$2:S$85) -> 34
A44: 2 | B44: 12 | C44: 3 | D44: 2B | E44: 3 | F44: 87.66 | G44: 21.75 | H44: 2 | J44: מזרח - צפון | K44: כן | L44: 110 | M44: =F44+הנחות!$B$5*G44 -> 94.185 | N44: =ROUND(M44*הנחות!$B$4,0) -> 1414847 | O44: =ROUND(N44*(1+הנחות!$B$6),0) -> 1669519 | P44: =MIN(הנחות!$B$7*O44,הנחות!$B$8) -> 300000 | Q44: =O44-P44 -> 1369519 | R44: =ROUND(הנחות!$B$9*(F44+הנחות!$B$10*G44),0) -> 2364840 | S44: =R44-Q44 -> 995321 | T44: =RANK(S44,S$2:S$85) -> 47
A45: 2 | B45: 13 | C45: 3 | D45: 2C | E45: 4 | F45: 109.62 | G45: 12.91 | H45: 1 | J45: מזרח - דרום | K45: כן | L45: 110 | M45: =F45+הנחות!$B$5*G45 -> 113.493 | N45: =ROUND(M45*הנחות!$B$4,0) -> 1704892 | O45: =ROUND(N45*(1+הנחות!$B$6),0) -> 2011773 | P45: =MIN(הנחות!$B$7*O45,הנחות!$B$8) -> 300000 | Q45: =O45-P45 -> 1711773 | R45: =ROUND(הנחות!$B$9*(F45+הנחות!$B$10*G45),0) -> 2785800 | S45: =R45-Q45 -> 1074027 | T45: =RANK(S45,S$2:S$85) -> 12
A46: 2 | B46: 14 | C46: 3 | D46: 2D | E46: 3 | F46: 78.65 | G46: 7.35 | H46: 1 | J46: דרום | L46: 80 | M46: =F46+הנחות!$B$5*G46 -> 80.855 | N46: =ROUND(M46*הנחות!$B$4,0) -> 1214604 | O46: =ROUND(N46*(1+הנחות!$B$6),0) -> 1433233 | P46: =MIN(הנחות!$B$7*O46,הנחות!$B$8) -> 286646.6 | Q46: =O46-P46 -> 1146586.4 | R46: =ROUND(הנחות!$B$9*(F46+הנחות!$B$10*G46),0) -> 1975800 | S46: =R46-Q46 -> 829213.6 | T46: =RANK(S46,S$2:S$85) -> 79
A47: 2 | B47: 15 | C47: 3 | D47: 2E | E47: 3 | F47: 79.9 | G47: 13.83 | H47: 1 | J47: מערב - דרום | L47: 80 | M47: =F47+הנחות!$B$5*G47 -> 84.049 | N47: =ROUND(M47*הנחות!$B$4,0) -> 1262584 | O47: =ROUND(N47*(1+הנחות!$B$6),0) -> 1489849 | P47: =MIN(הנחות!$B$7*O47,הנחות!$B$8) -> 297969.8 | Q47: =O47-P47 -> 1191879.2 | R47: =ROUND(הנחות!$B$9*(F47+הנחות!$B$10*G47),0) -> 2083560 | S47: =R47-Q47 -> 891680.8 | T47: =RANK(S47,S$2:S$85) -> 53
A48: 2 | B48: 16 | C48: 4 | D48: 2A | E48: 4 | F48: 107.49 | G48: 11.89 | H48: 1 | J48: מערב - צפון | L48: 110 | M48: =F48+הנחות!$B$5*G48 -> 111.057 | N48: =ROUND(M48*הנחות!$B$4,0) -> 1668298 | O48: =ROUND(N48*(1+הנחות!$B$6),0) -> 1968592 | P48: =MIN(הנחות!$B$7*O48,הנחות!$B$8) -> 300000 | Q48: =O48-P48 -> 1668592 | R48: =ROUND(הנחות!$B$9*(F48+הנחות!$B$10*G48),0) -> 2722440 | S48: =R48-Q48 -> 1053848 | T48: =RANK(S48,S$2:S$85) -> 34
A49: 2 | B49: 17 | C49: 4 | D49: 2B | E49: 3 | F49: 87.66 | G49: 21.75 | H49: 2 | J49: מזרח - צפון | K49: כן | L49: 110 | M49: =F49+הנחות!$B$5*G49 -> 94.185 | N49: =ROUND(M49*הנחות!$B$4,0) -> 1414847 | O49: =ROUND(N49*(1+הנחות!$B$6),0) -> 1669519 | P49: =MIN(הנחות!$B$7*O49,הנחות!$B$8) -> 300000 | Q49: =O49-P49 -> 1369519 | R49: =ROUND(הנחות!$B$9*(F49+הנחות!$B$10*G49),0) -> 2364840 | S49: =R49-Q49 -> 995321 | T49: =RANK(S49,S$2:S$85) -> 47
A50: 2 | B50: 18 | C50: 4 | D50: 2C | E50: 4 | F50: 109.61 | G50: 12.91 | H50: 1 | J50: מזרח - דרום | K50: כן | L50: 110 | M50: =F50+הנחות!$B$5*G50 -> 113.483 | N50: =ROUND(M50*הנחות!$B$4,0) -> 1704742 | O50: =ROUND(N50*(1+הנחות!$B$6),0) -> 2011596 | P50: =MIN(הנחות!$B$7*O50,הנחות!$B$8) -> 300000 | Q50: =O50-P50 -> 1711596 | R50: =ROUND(הנחות!$B$9*(F50+הנחות!$B$10*G50),0) -> 2785560 | S50: =R50-Q50 -> 1073964 | T50: =RANK(S50,S$2:S$85) -> 15
A51: 2 | B51: 19 | C51: 4 | D51: 2D | E51: 3 | F51: 78.65 | G51: 7.35 | H51: 1 | J51: דרום | L51: 80 | M51: =F51+הנחות!$B$5*G51 -> 80.855 | N51: =ROUND(M51*הנחות!$B$4,0) -> 1214604 | O51: =ROUND(N51*(1+הנחות!$B$6),0) -> 1433233 | P51: =MIN(הנחות!$B$7*O51,הנחות!$B$8) -> 286646.6 | Q51: =O51-P51 -> 1146586.4 | R51: =ROUND(הנחות!$B$9*(F51+הנחות!$B$10*G51),0) -> 1975800 | S51: =R51-Q51 -> 829213.6 | T51: =RANK(S51,S$2:S$85) -> 79
A52: 2 | B52: 20 | C52: 4 | D52: 2E | E52: 3 | F52: 79.9 | G52: 13.83 | H52: 1 | J52: מערב - דרום | L52: 80 | M52: =F52+הנחות!$B$5*G52 -> 84.049 | N52: =ROUND(M52*הנחות!$B$4,0) -> 1262584 | O52: =ROUND(N52*(1+הנחות!$B$6),0) -> 1489849 | P52: =MIN(הנחות!$B$7*O52,הנחות!$B$8) -> 297969.8 | Q52: =O52-P52 -> 1191879.2 | R52: =ROUND(הנחות!$B$9*(F52+הנחות!$B$10*G52),0) -> 2083560 | S52: =R52-Q52 -> 891680.8 | T52: =RANK(S52,S$2:S$85) -> 53
A53: 2 | B53: 21 | C53: 5 | D53: 2A | E53: 4 | F53: 107.41 | G53: 11.89 | H53: 1 | J53: מערב - צפון | L53: 110 | M53: =F53+הנחות!$B$5*G53 -> 110.977 | N53: =ROUND(M53*הנחות!$B$4,0) -> 1667096 | O53: =ROUND(N53*(1+הנחות!$B$6),0) -> 1967173 | P53: =MIN(הנחות!$B$7*O53,הנחות!$B$8) -> 300000 | Q53: =O53-P53 -> 1667173 | R53: =ROUND(הנחות!$B$9*(F53+הנחות!$B$10*G53),0) -> 2720520 | S53: =R53-Q53 -> 1053347 | T53: =RANK(S53,S$2:S$85) -> 38
A54: 2 | B54: 22 | C54: 5 | D54: 2B | E54: 3 | F54: 87.66 | G54: 21.75 | H54: 2 | J54: מזרח - צפון | K54: כן | L54: 110 | M54: =F54+הנחות!$B$5*G54 -> 94.185 | N54: =ROUND(M54*הנחות!$B$4,0) -> 1414847 | O54: =ROUND(N54*(1+הנחות!$B$6),0) -> 1669519 | P54: =MIN(הנחות!$B$7*O54,הנחות!$B$8) -> 300000 | Q54: =O54-P54 -> 1369519 | R54: =ROUND(הנחות!$B$9*(F54+הנחות!$B$10*G54),0) -> 2364840 | S54: =R54-Q54 -> 995321 | T54: =RANK(S54,S$2:S$85) -> 47
A55: 2 | B55: 25 | C55: 6 | D55: 2A | E55: 4 | F55: 107.41 | G55: 11.89 | H55: 1 | J55: מערב - צפון | L55: 110 | M55: =F55+הנחות!$B$5*G55 -> 110.977 | N55: =ROUND(M55*הנחות!$B$4,0) -> 1667096 | O55: =ROUND(N55*(1+הנחות!$B$6),0) -> 1967173 | P55: =MIN(הנחות!$B$7*O55,הנחות!$B$8) -> 300000 | Q55: =O55-P55 -> 1667173 | R55: =ROUND(הנחות!$B$9*(F55+הנחות!$B$10*G55),0) -> 2720520 | S55: =R55-Q55 -> 1053347 | T55: =RANK(S55,S$2:S$85) -> 38
A56: 2 | B56: 26 | C56: 6 | D56: 2B | E56: 3 | F56: 87.66 | G56: 21.75 | H56: 2 | J56: מזרח - צפון | K56: כן | L56: 110 | M56: =F56+הנחות!$B$5*G56 -> 94.185 | N56: =ROUND(M56*הנחות!$B$4,0) -> 1414847 | O56: =ROUND(N56*(1+הנחות!$B$6),0) -> 1669519 | P56: =MIN(הנחות!$B$7*O56,הנחות!$B$8) -> 300000 | Q56: =O56-P56 -> 1369519 | R56: =ROUND(הנחות!$B$9*(F56+הנחות!$B$10*G56),0) -> 2364840 | S56: =R56-Q56 -> 995321 | T56: =RANK(S56,S$2:S$85) -> 47
A57: 3 | B57: 1 | C57: 0 | D57: 3G | E57: 3 | F57: 77.22 | I57: כן | J57: מערב - צפון | L57: 80 | M57: =F57+הנחות!$B$5*G57 -> 77.22 | N57: =ROUND(M57*הנחות!$B$4,0) -> 1159999 | O57: =ROUND(N57*(1+הנחות!$B$6),0) -> 1368799 | P57: =MIN(הנחות!$B$7*O57,הנחות!$B$8) -> 273759.8 | Q57: =O57-P57 -> 1095039.2 | R57: =ROUND(הנחות!$B$9*(F57+הנחות!$B$10*G57),0) -> 1853280 | S57: =R57-Q57 -> 758240.8 | T57: =RANK(S57,S$2:S$85) -> 83
A58: 3 | B58: 2 | C58: 0 | D58: 3G | E58: 3 | F58: 76.89 | I58: כן | J58: מערב | L58: 80 | M58: =F58+הנחות!$B$5*G58 -> 76.89 | N58: =ROUND(M58*הנחות!$B$4,0) -> 1155042 | O58: =ROUND(N58*(1+הנחות!$B$6),0) -> 1362950 | P58: =MIN(הנחות!$B$7*O58,הנחות!$B$8) -> 272590 | Q58: =O58-P58 -> 1090360 | R58: =ROUND(הנחות!$B$9*(F58+הנחות!$B$10*G58),0) -> 1845360 | S58: =R58-Q58 -> 755000 | T58: =RANK(S58,S$2:S$85) -> 84
A59: 3 | B59: 4 | C59: 1 | D59: 3A | E59: 3 | F59: 79.97 | G59: 13.5 | H59: 1 | J59: מערב - צפון | L59: 80 | M59: =F59+הנחות!$B$5*G59 -> 84.02 | N59: =ROUND(M59*הנחות!$B$4,0) -> 1262148 | O59: =ROUND(N59*(1+הנחות!$B$6),0) -> 1489335 | P59: =MIN(הנחות!$B$7*O59,הנחות!$B$8) -> 297867 | Q59: =O59-P59 -> 1191468 | R59: =ROUND(הנחות!$B$9*(F59+הנחות!$B$10*G59),0) -> 2081280 | S59: =R59-Q59 -> 889812 | T59: =RANK(S59,S$2:S$85) -> 57
A60: 3 | B60: 5 | C60: 1 | D60: 3B | E60: 4 | F60: 107.43 | G60: 14 | H60: 1 | J60: מזרח - צפון | K60: כן | L60: 110 | M60: =F60+הנחות!$B$5*G60 -> 111.63 | N60: =ROUND(M60*הנחות!$B$4,0) -> 1676906 | O60: =ROUND(N60*(1+הנחות!$B$6),0) -> 1978749 | P60: =MIN(הנחות!$B$7*O60,הנחות!$B$8) -> 300000 | Q60: =O60-P60 -> 1678749 | R60: =ROUND(הנחות!$B$9*(F60+הנחות!$B$10*G60),0) -> 2746320 | S60: =R60-Q60 -> 1067571 | T60: =RANK(S60,S$2:S$85) -> 21
A61: 3 | B61: 6 | C61: 1 | D61: 3C | E61: 4 | F61: 109.01 | G61: 14 | H61: 1 | J61: מזרח - דרום | K61: כן | L61: 110 | M61: =F61+הנחות!$B$5*G61 -> 113.21 | N61: =ROUND(M61*הנחות!$B$4,0) -> 1700641 | O61: =ROUND(N61*(1+הנחות!$B$6),0) -> 2006756 | P61: =MIN(הנחות!$B$7*O61,הנחות!$B$8) -> 300000 | Q61: =O61-P61 -> 1706756 | R61: =ROUND(הנחות!$B$9*(F61+הנחות!$B$10*G61),0) -> 2784240 | S61: =R61-Q61 -> 1077484 | T61: =RANK(S61,S$2:S$85) -> 1
A62: 3 | B62: 7 | C62: 1 | D62: 3D | E62: 4 | F62: 109.52 | G62: 12.91 | H62: 1 | J62: מערב - דרום | L62: 110 | M62: =F62+הנחות!$B$5*G62 -> 113.393 | N62: =ROUND(M62*הנחות!$B$4,0) -> 1703390 | O62: =ROUND(N62*(1+הנחות!$B$6),0) -> 2010000 | P62: =MIN(הנחות!$B$7*O62,הנחות!$B$8) -> 300000 | Q62: =O62-P62 -> 1710000 | R62: =ROUND(הנחות!$B$9*(F62+הנחות!$B$10*G62),0) -> 2783400 | S62: =R62-Q62 -> 1073400 | T62: =RANK(S62,S$2:S$85) -> 16
A63: 3 | B63: 8 | C63: 1 | D63: 3E | E63: 3 | F63: 78.68 | G63: 7.37 | H63: 1 | J63: מערב | L63: 80 | M63: =F63+הנחות!$B$5*G63 -> 80.891 | N63: =ROUND(M63*הנחות!$B$4,0) -> 1215145 | O63: =ROUND(N63*(1+הנחות!$B$6),0) -> 1433871 | P63: =MIN(הנחות!$B$7*O63,הנחות!$B$8) -> 286774.2 | Q63: =O63-P63 -> 1147096.8 | R63: =ROUND(הנחות!$B$9*(F63+הנחות!$B$10*G63),0) -> 1976760 | S63: =R63-Q63 -> 829663.2 | T63: =RANK(S63,S$2:S$85) -> 74
A64: 3 | B64: 9 | C64: 2 | D64: 3A | E64: 3 | F64: 79.97 | G64: 13.5 | H64: 1 | J64: מערב - צפון | L64: 80 | M64: =F64+הנחות!$B$5*G64 -> 84.02 | N64: =ROUND(M64*הנחות!$B$4,0) -> 1262148 | O64: =ROUND(N64*(1+הנחות!$B$6),0) -> 1489335 | P64: =MIN(הנחות!$B$7*O64,הנחות!$B$8) -> 297867 | Q64: =O64-P64 -> 1191468 | R64: =ROUND(הנחות!$B$9*(F64+הנחות!$B$10*G64),0) -> 2081280 | S64: =R64-Q64 -> 889812 | T64: =RANK(S64,S$2:S$85) -> 57
A65: 3 | B65: 10 | C65: 2 | D65: 3B | E65: 4 | F65: 107.43 | G65: 14 | H65: 1 | J65: מזרח - צפון | K65: כן | L65: 110 | M65: =F65+הנחות!$B$5*G65 -> 111.63 | N65: =ROUND(M65*הנחות!$B$4,0) -> 1676906 | O65: =ROUND(N65*(1+הנחות!$B$6),0) -> 1978749 | P65: =MIN(הנחות!$B$7*O65,הנחות!$B$8) -> 300000 | Q65: =O65-P65 -> 1678749 | R65: =ROUND(הנחות!$B$9*(F65+הנחות!$B$10*G65),0) -> 2746320 | S65: =R65-Q65 -> 1067571 | T65: =RANK(S65,S$2:S$85) -> 21
A66: 3 | B66: 11 | C66: 2 | D66: 3C | E66: 4 | F66: 109.01 | G66: 14 | H66: 1 | J66: מזרח - דרום | K66: כן | L66: 110 | M66: =F66+הנחות!$B$5*G66 -> 113.21 | N66: =ROUND(M66*הנחות!$B$4,0) -> 1700641 | O66: =ROUND(N66*(1+הנחות!$B$6),0) -> 2006756 | P66: =MIN(הנחות!$B$7*O66,הנחות!$B$8) -> 300000 | Q66: =O66-P66 -> 1706756 | R66: =ROUND(הנחות!$B$9*(F66+הנחות!$B$10*G66),0) -> 2784240 | S66: =R66-Q66 -> 1077484 | T66: =RANK(S66,S$2:S$85) -> 1
A67: 3 | B67: 12 | C67: 2 | D67: 3D | E67: 4 | F67: 109.52 | G67: 12.91 | H67: 1 | J67: מערב - דרום | L67: 110 | M67: =F67+הנחות!$B$5*G67 -> 113.393 | N67: =ROUND(M67*הנחות!$B$4,0) -> 1703390 | O67: =ROUND(N67*(1+הנחות!$B$6),0) -> 2010000 | P67: =MIN(הנחות!$B$7*O67,הנחות!$B$8) -> 300000 | Q67: =O67-P67 -> 1710000 | R67: =ROUND(הנחות!$B$9*(F67+הנחות!$B$10*G67),0) -> 2783400 | S67: =R67-Q67 -> 1073400 | T67: =RANK(S67,S$2:S$85) -> 16
A68: 3 | B68: 13 | C68: 2 | D68: 3E | E68: 3 | F68: 78.68 | G68: 7.37 | H68: 1 | J68: מערב | L68: 80 | M68: =F68+הנחות!$B$5*G68 -> 80.891 | N68: =ROUND(M68*הנחות!$B$4,0) -> 1215145 | O68: =ROUND(N68*(1+הנחות!$B$6),0) -> 1433871 | P68: =MIN(הנחות!$B$7*O68,הנחות!$B$8) -> 286774.2 | Q68: =O68-P68 -> 1147096.8 | R68: =ROUND(הנחות!$B$9*(F68+הנחות!$B$10*G68),0) -> 1976760 | S68: =R68-Q68 -> 829663.2 | T68: =RANK(S68,S$2:S$85) -> 74
A69: 3 | B69: 14 | C69: 3 | D69: 3A | E69: 3 | F69: 79.97 | G69: 13.5 | H69: 1 | J69: מערב - צפון | L69: 80 | M69: =F69+הנחות!$B$5*G69 -> 84.02 | N69: =ROUND(M69*הנחות!$B$4,0) -> 1262148 | O69: =ROUND(N69*(1+הנחות!$B$6),0) -> 1489335 | P69: =MIN(הנחות!$B$7*O69,הנחות!$B$8) -> 297867 | Q69: =O69-P69 -> 1191468 | R69: =ROUND(הנחות!$B$9*(F69+הנחות!$B$10*G69),0) -> 2081280 | S69: =R69-Q69 -> 889812 | T69: =RANK(S69,S$2:S$85) -> 57
A70: 3 | B70: 15 | C70: 3 | D70: 3B | E70: 4 | F70: 107.43 | G70: 14 | H70: 1 | J70: מזרח - צפון | K70: כן | L70: 110 | M70: =F70+הנחות!$B$5*G70 -> 111.63 | N70: =ROUND(M70*הנחות!$B$4,0) -> 1676906 | O70: =ROUND(N70*(1+הנחות!$B$6),0) -> 1978749 | P70: =MIN(הנחות!$B$7*O70,הנחות!$B$8) -> 300000 | Q70: =O70-P70 -> 1678749 | R70: =ROUND(הנחות!$B$9*(F70+הנחות!$B$10*G70),0) -> 2746320 | S70: =R70-Q70 -> 1067571 | T70: =RANK(S70,S$2:S$85) -> 21
A71: 3 | B71: 16 | C71: 3 | D71: 3C | E71: 4 | F71: 109.01 | G71: 14 | H71: 1 | J71: מזרח - דרום | K71: כן | L71: 110 | M71: =F71+הנחות!$B$5*G71 -> 113.21 | N71: =ROUND(M71*הנחות!$B$4,0) -> 1700641 | O71: =ROUND(N71*(1+הנחות!$B$6),0) -> 2006756 | P71: =MIN(הנחות!$B$7*O71,הנחות!$B$8) -> 300000 | Q71: =O71-P71 -> 1706756 | R71: =ROUND(הנחות!$B$9*(F71+הנחות!$B$10*G71),0) -> 2784240 | S71: =R71-Q71 -> 1077484 | T71: =RANK(S71,S$2:S$85) -> 1
A72: 3 | B72: 17 | C72: 3 | D72: 3D | E72: 4 | F72: 109.52 | G72: 12.91 | H72: 1 | J72: מערב - דרום | L72: 110 | M72: =F72+הנחות!$B$5*G72 -> 113.393 | N72: =ROUND(M72*הנחות!$B$4,0) -> 1703390 | O72: =ROUND(N72*(1+הנחות!$B$6),0) -> 2010000 | P72: =MIN(הנחות!$B$7*O72,הנחות!$B$8) -> 300000 | Q72: =O72-P72 -> 1710000 | R72: =ROUND(הנחות!$B$9*(F72+הנחות!$B$10*G72),0) -> 2783400 | S72: =R72-Q72 -> 1073400 | T72: =RANK(S72,S$2:S$85) -> 16
A73: 3 | B73: 18 | C73: 3 | D73: 3E | E73: 3 | F73: 78.68 | G73: 7.37 | H73: 1 | J73: מערב | L73: 80 | M73: =F73+הנחות!$B$5*G73 -> 80.891 | N73: =ROUND(M73*הנחות!$B$4,0) -> 1215145 | O73: =ROUND(N73*(1+הנחות!$B$6),0) -> 1433871 | P73: =MIN(הנחות!$B$7*O73,הנחות!$B$8) -> 286774.2 | Q73: =O73-P73 -> 1147096.8 | R73: =ROUND(הנחות!$B$9*(F73+הנחות!$B$10*G73),0) -> 1976760 | S73: =R73-Q73 -> 829663.2 | T73: =RANK(S73,S$2:S$85) -> 74
A74: 3 | B74: 19 | C74: 4 | D74: 3A | E74: 3 | F74: 79.97 | G74: 13.5 | H74: 1 | J74: מערב - צפון | L74: 80 | M74: =F74+הנחות!$B$5*G74 -> 84.02 | N74: =ROUND(M74*הנחות!$B$4,0) -> 1262148 | O74: =ROUND(N74*(1+הנחות!$B$6),0) -> 1489335 | P74: =MIN(הנחות!$B$7*O74,הנחות!$B$8) -> 297867 | Q74: =O74-P74 -> 1191468 | R74: =ROUND(הנחות!$B$9*(F74+הנחות!$B$10*G74),0) -> 2081280 | S74: =R74-Q74 -> 889812 | T74: =RANK(S74,S$2:S$85) -> 57
A75: 3 | B75: 20 | C75: 4 | D75: 3B | E75: 4 | F75: 107.43 | G75: 14 | H75: 1 | J75: מזרח - צפון | K75: כן | L75: 110 | M75: =F75+הנחות!$B$5*G75 -> 111.63 | N75: =ROUND(M75*הנחות!$B$4,0) -> 1676906 | O75: =ROUND(N75*(1+הנחות!$B$6),0) -> 1978749 | P75: =MIN(הנחות!$B$7*O75,הנחות!$B$8) -> 300000 | Q75: =O75-P75 -> 1678749 | R75: =ROUND(הנחות!$B$9*(F75+הנחות!$B$10*G75),0) -> 2746320 | S75: =R75-Q75 -> 1067571 | T75: =RANK(S75,S$2:S$85) -> 21
A76: 3 | B76: 21 | C76: 4 | D76: 3C | E76: 4 | F76: 109.01 | G76: 14 | H76: 1 | J76: מזרח - דרום | K76: כן | L76: 110 | M76: =F76+הנחות!$B$5*G76 -> 113.21 | N76: =ROUND(M76*הנחות!$B$4,0) -> 1700641 | O76: =ROUND(N76*(1+הנחות!$B$6),0) -> 2006756 | P76: =MIN(הנחות!$B$7*O76,הנחות!$B$8) -> 300000 | Q76: =O76-P76 -> 1706756 | R76: =ROUND(הנחות!$B$9*(F76+הנחות!$B$10*G76),0) -> 2784240 | S76: =R76-Q76 -> 1077484 | T76: =RANK(S76,S$2:S$85) -> 1
A77: 3 | B77: 22 | C77: 4 | D77: 3D | E77: 4 | F77: 109.52 | G77: 12.91 | H77: 1 | J77: מערב - דרום | L77: 110 | M77: =F77+הנחות!$B$5*G77 -> 113.393 | N77: =ROUND(M77*הנחות!$B$4,0) -> 1703390 | O77: =ROUND(N77*(1+הנחות!$B$6),0) -> 2010000 | P77: =MIN(הנחות!$B$7*O77,הנחות!$B$8) -> 300000 | Q77: =O77-P77 -> 1710000 | R77: =ROUND(הנחות!$B$9*(F77+הנחות!$B$10*G77),0) -> 2783400 | S77: =R77-Q77 -> 1073400 | T77: =RANK(S77,S$2:S$85) -> 16
A78: 3 | B78: 23 | C78: 4 | D78: 3E | E78: 3 | F78: 78.68 | G78: 7.37 | H78: 1 | J78: מערב | L78: 80 | M78: =F78+הנחות!$B$5*G78 -> 80.891 | N78: =ROUND(M78*הנחות!$B$4,0) -> 1215145 | O78: =ROUND(N78*(1+הנחות!$B$6),0) -> 1433871 | P78: =MIN(הנחות!$B$7*O78,הנחות!$B$8) -> 286774.2 | Q78: =O78-P78 -> 1147096.8 | R78: =ROUND(הנחות!$B$9*(F78+הנחות!$B$10*G78),0) -> 1976760 | S78: =R78-Q78 -> 829663.2 | T78: =RANK(S78,S$2:S$85) -> 74
A79: 3 | B79: 24 | C79: 5 | D79: 3A | E79: 3 | F79: 79.97 | G79: 13.5 | H79: 1 | J79: מערב - צפון | L79: 80 | M79: =F79+הנחות!$B$5*G79 -> 84.02 | N79: =ROUND(M79*הנחות!$B$4,0) -> 1262148 | O79: =ROUND(N79*(1+הנחות!$B$6),0) -> 1489335 | P79: =MIN(הנחות!$B$7*O79,הנחות!$B$8) -> 297867 | Q79: =O79-P79 -> 1191468 | R79: =ROUND(הנחות!$B$9*(F79+הנחות!$B$10*G79),0) -> 2081280 | S79: =R79-Q79 -> 889812 | T79: =RANK(S79,S$2:S$85) -> 57
A80: 3 | B80: 25 | C80: 5 | D80: 3B | E80: 4 | F80: 107.43 | G80: 14 | H80: 1 | J80: מזרח - צפון | K80: כן | L80: 110 | M80: =F80+הנחות!$B$5*G80 -> 111.63 | N80: =ROUND(M80*הנחות!$B$4,0) -> 1676906 | O80: =ROUND(N80*(1+הנחות!$B$6),0) -> 1978749 | P80: =MIN(הנחות!$B$7*O80,הנחות!$B$8) -> 300000 | Q80: =O80-P80 -> 1678749 | R80: =ROUND(הנחות!$B$9*(F80+הנחות!$B$10*G80),0) -> 2746320 | S80: =R80-Q80 -> 1067571 | T80: =RANK(S80,S$2:S$85) -> 21
A81: 3 | B81: 26 | C81: 5 | D81: 3C | E81: 4 | F81: 109.01 | G81: 14 | H81: 1 | J81: מזרח - דרום | K81: כן | L81: 110 | M81: =F81+הנחות!$B$5*G81 -> 113.21 | N81: =ROUND(M81*הנחות!$B$4,0) -> 1700641 | O81: =ROUND(N81*(1+הנחות!$B$6),0) -> 2006756 | P81: =MIN(הנחות!$B$7*O81,הנחות!$B$8) -> 300000 | Q81: =O81-P81 -> 1706756 | R81: =ROUND(הנחות!$B$9*(F81+הנחות!$B$10*G81),0) -> 2784240 | S81: =R81-Q81 -> 1077484 | T81: =RANK(S81,S$2:S$85) -> 1
A82: 3 | B82: 27 | C82: 5 | D82: 3D | E82: 4 | F82: 109.52 | G82: 12.91 | H82: 1 | J82: מערב - דרום | L82: 110 | M82: =F82+הנחות!$B$5*G82 -> 113.393 | N82: =ROUND(M82*הנחות!$B$4,0) -> 1703390 | O82: =ROUND(N82*(1+הנחות!$B$6),0) -> 2010000 | P82: =MIN(הנחות!$B$7*O82,הנחות!$B$8) -> 300000 | Q82: =O82-P82 -> 1710000 | R82: =ROUND(הנחות!$B$9*(F82+הנחות!$B$10*G82),0) -> 2783400 | S82: =R82-Q82 -> 1073400 | T82: =RANK(S82,S$2:S$85) -> 16
A83: 3 | B83: 28 | C83: 5 | D83: 3E | E83: 3 | F83: 78.68 | G83: 7.37 | H83: 1 | J83: מערב | L83: 80 | M83: =F83+הנחות!$B$5*G83 -> 80.891 | N83: =ROUND(M83*הנחות!$B$4,0) -> 1215145 | O83: =ROUND(N83*(1+הנחות!$B$6),0) -> 1433871 | P83: =MIN(הנחות!$B$7*O83,הנחות!$B$8) -> 286774.2 | Q83: =O83-P83 -> 1147096.8 | R83: =ROUND(הנחות!$B$9*(F83+הנחות!$B$10*G83),0) -> 1976760 | S83: =R83-Q83 -> 829663.2 | T83: =RANK(S83,S$2:S$85) -> 74
A84: 3 | B84: 30 | C84: 6 | D84: 3B | E84: 4 | F84: 107.43 | G84: 14 | H84: 1 | J84: מזרח - צפון | K84: כן | L84: 110 | M84: =F84+הנחות!$B$5*G84 -> 111.63 | N84: =ROUND(M84*הנחות!$B$4,0) -> 1676906 | O84: =ROUND(N84*(1+הנחות!$B$6),0) -> 1978749 | P84: =MIN(הנחות!$B$7*O84,הנחות!$B$8) -> 300000 | Q84: =O84-P84 -> 1678749 | R84: =ROUND(הנחות!$B$9*(F84+הנחות!$B$10*G84),0) -> 2746320 | S84: =R84-Q84 -> 1067571 | T84: =RANK(S84,S$2:S$85) -> 21
A85: 3 | B85: 31 | C85: 6 | D85: 3C | E85: 4 | F85: 109.01 | G85: 14 | H85: 1 | J85: מזרח - דרום | K85: כן | L85: 110 | M85: =F85+הנחות!$B$5*G85 -> 113.21 | N85: =ROUND(M85*הנחות!$B$4,0) -> 1700641 | O85: =ROUND(N85*(1+הנחות!$B$6),0) -> 2006756 | P85: =MIN(הנחות!$B$7*O85,הנחות!$B$8) -> 300000 | Q85: =O85-P85 -> 1706756 | R85: =ROUND(הנחות!$B$9*(F85+הנחות!$B$10*G85),0) -> 2784240 | S85: =R85-Q85 -> 1077484 | T85: =RANK(S85,S$2:S$85) -> 1

Sheet כל הדירות בפרויקט
A1: בניין | B1: דירה | C1: קומה | D1: טיפוס | E1: חדרים | F1: שטח דירה (מ"ר) | G1: מרפסת שמש (מ"ר) | H1: מס' מרפסות | I1: חצר | J1: כיווני אוויר | K1: פונה לפארק | L1: תקרת מחיר מטרה (מ"ר) | M1: מחיר מטרה
A2: 1 | B2: 1 | C2: 0 | D2: 1G | E2: 4 | F2: 160.7 | I2: כן | J2: מזרח - דרום | K2: חלקי
A3: 1 | B3: 2 | C3: 1 | D3: 1A | E3: 3 | F3: 87.77 | G3: 21.67 | H3: 2 | J3: מערב - צפון | L3: 110 | M3: כן
A4: 1 | B4: 3 | C4: 1 | D4: 1B | E4: 4 | F4: 107.95 | G4: 11.88 | H4: 1 | J4: מזרח - צפון | K4: חלקי | L4: 110 | M4: כן
A5: 1 | B5: 4 | C5: 1 | D5: 1C | E5: 3 | F5: 79.72 | G5: 13.6 | H5: 1 | J5: מזרח - דרום | K5: חלקי | L5: 80 | M5: כן
A6: 1 | B6: 5 | C6: 1 | D6: 1D | E6: 3 | F6: 78.78 | G6: 7.4 | H6: 1 | J6: דרום | L6: 80 | M6: כן
A7: 1 | B7: 6 | C7: 1 | D7: 1E | E7: 4 | F7: 109.6 | G7: 13.01 | H7: 1 | J7: מערב - דרום | L7: 110 | M7: כן
A8: 1 | B8: 7 | C8: 2 | D8: 1A | E8: 3 | F8: 87.77 | G8: 21.67 | H8: 2 | J8: מערב - צפון | L8: 110 | M8: כן
A9: 1 | B9: 8 | C9: 2 | D9: 1B | E9: 4 | F9: 107.95 | G9: 11.88 | H9: 1 | J9: מזרח - צפון | K9: חלקי | L9: 110 | M9: כן
A10: 1 | B10: 9 | C10: 2 | D10: 1C | E10: 3 | F10: 79.72 | G10: 13.6 | H10: 1 | J10: מזרח - דרום | K10: חלקי | L10: 80 | M10: כן
A11: 1 | B11: 10 | C11: 2 | D11: 1D | E11: 3 | F11: 78.78 | G11: 7.4 | H11: 1 | J11: דרום | L11: 80 | M11: כן
A12: 1 | B12: 11 | C12: 2 | D12: 1E | E12: 4 | F12: 109.6 | G12: 13.01 | H12: 1 | J12: מערב - דרום | L12: 110 | M12: כן
A13: 1 | B13: 12 | C13: 3 | D13: 1A | E13: 3 | F13: 87.77 | G13: 21.67 | H13: 2 | J13: מערב - צפון | L13: 110 | M13: כן
A14: 1 | B14: 13 | C14: 3 | D14: 1B | E14: 4 | F14: 107.95 | G14: 11.88 | H14: 1 | J14: מזרח - צפון | K14: חלקי | L14: 110 | M14: כן
A15: 1 | B15: 14 | C15: 3 | D15: 1C | E15: 3 | F15: 79.72 | G15: 13.6 | H15: 1 | J15: מזרח - דרום | K15: חלקי | L15: 80 | M15: כן
A16: 1 | B16: 15 | C16: 3 | D16: 1D | E16: 3 | F16: 78.78 | G16: 7.4 | H16: 1 | J16: דרום | L16: 80 | M16: כן
A17: 1 | B17: 16 | C17: 3 | D17: 1E | E17: 4 | F17: 109.6 | G17: 13.01 | H17: 1 | J17: מערב - דרום | L17: 110 | M17: כן
A18: 1 | B18: 17 | C18: 4 | D18: 1A | E18: 3 | F18: 87.77 | G18: 21.67 | H18: 2 | J18: מערב - צפון | L18: 110 | M18: כן
A19: 1 | B19: 18 | C19: 4 | D19: 1B | E19: 4 | F19: 107.95 | G19: 11.88 | H19: 1 | J19: מזרח - צפון | K19: חלקי | L19: 110 | M19: כן
A20: 1 | B20: 19 | C20: 4 | D20: 1C | E20: 3 | F20: 79.72 | G20: 13.6 | H20: 1 | J20: מזרח - דרום | K20: חלקי | L20: 80 | M20: כן
A21: 1 | B21: 20 | C21: 4 | D21: 1D | E21: 3 | F21: 78.78 | G21: 7.4 | H21: 1 | J21: דרום | L21: 80 | M21: כן
A22: 1 | B22: 21 | C22: 4 | D22: 1E | E22: 4 | F22: 109.6 | G22: 13.01 | H22: 1 | J22: מערב - דרום | L22: 110 | M22: כן
A23: 1 | B23: 22 | C23: 5 | D23: 1A | E23: 3 | F23: 87.77 | G23: 21.67 | H23: 2 | J23: מערב - צפון | L23: 110 | M23: כן
A24: 1 | B24: 23 | C24: 5 | D24: 1B | E24: 4 | F24: 107.95 | G24: 11.88 | H24: 1 | J24: מזרח - צפון | K24: חלקי | L24: 110 | M24: כן
A25: 1 | B25: 24 | C25: 5 | D25: 1C | E25: 3 | F25: 79.72 | G25: 13.6 | H25: 1 | J25: מזרח - דרום | K25: חלקי | L25: 80 | M25: כן
A26: 1 | B26: 25 | C26: 5 | D26: 1D | E26: 3 | F26: 78.78 | G26: 7.4 | H26: 1 | J26: דרום | L26: 80 | M26: כן
A27: 1 | B27: 26 | C27: 5 | D27: 1E | E27: 4 | F27: 109.6 | G27: 13.01 | H27: 1 | J27: מערב - דרום | L27: 110 | M27: כן
A28: 1 | B28: 27 | C28: 6 | D28: 1A | E28: 3 | F28: 87.77 | G28: 21.67 | H28: 2 | J28: מערב - צפון | L28: 110 | M28: כן
A29: 1 | B29: 28 | C29: 6 | D29: 1B | E29: 4 | F29: 107.95 | G29: 11.88 | H29: 1 | J29: מזרח - צפון | K29: חלקי | L29: 110 | M29: כן
A30: 1 | B30: 29 | C30: 6 | D30: 1C | E30: 3 | F30: 79.72 | G30: 13.6 | H30: 1 | J30: מזרח - דרום | K30: חלקי | L30: 80 | M30: כן
A31: 1 | B31: 30 | C31: 6 | D31: 1D | E31: 3 | F31: 78.78 | G31: 7.4 | H31: 1 | J31: דרום | L31: 80 | M31: כן
A32: 1 | B32: 31 | C32: 6 | D32: 1E | E32: 4 | F32: 109.6 | G32: 13.01 | H32: 1 | J32: מערב - דרום
A33: 1 | B33: 32 | C33: 7 | D33: 1A | E33: 3 | F33: 87.77 | G33: 21.67 | H33: 2 | J33: מערב - צפון | L33: 110 | M33: כן
A34: 1 | B34: 33 | C34: 7 | D34: 1B | E34: 4 | F34: 107.95 | G34: 11.88 | H34: 1 | J34: מזרח - צפון | K34: חלקי | L34: 110 | M34: כן
A35: 1 | B35: 34 | C35: 7 | D35: 1H | E35: 5 | F35: 131.06 | G35: 13.63 | H35: 1 | J35: מזרח - דרום | K35: חלקי
A36: 1 | B36: 35 | C36: 7 | D36: 1I | E36: 5 | F36: 143.31 | G36: 17.36 | H36: 2 | J36: מערב - דרום
A37: 1 | B37: 36 | C37: 8 | D37: 1P | E37: 4 | F37: 160.46 | G37: 4.46 | H37: 1 | J37: מערב - דרום - צפון
A38: 1 | B38: 37 | C38: 8 | D38: 1P | E38: 5 | F38: 158.9 | G38: 4.46 | H38: 1 | J38: מזרח - דרום - צפון | K38: חלקי
A39: 2 | B39: 1 | C39: 1 | D39: 2A | E39: 4 | F39: 107.49 | G39: 11.89 | H39: 1 | J39: מערב - צפון | L39: 110 | M39: כן
A40: 2 | B40: 2 | C40: 1 | D40: 2B | E40: 3 | F40: 87.66 | G40: 21.75 | H40: 2 | J40: מזרח - צפון | K40: כן | L40: 110 | M40: כן
A41: 2 | B41: 3 | C41: 1 | D41: 2C | E41: 4 | F41: 109.62 | G41: 12.91 | H41: 1 | J41: מזרח - דרום | K41: כן | L41: 110 | M41: כן
A42: 2 | B42: 4 | C42: 1 | D42: 2D | E42: 3 | F42: 78.65 | G42: 7.35 | H42: 1 | J42: דרום | L42: 80 | M42: כן
A43: 2 | B43: 5 | C43: 1 | D43: 2E | E43: 3 | F43: 79.9 | G43: 13.83 | H43: 1 | J43: מערב - דרום | L43: 80 | M43: כן
A44: 2 | B44: 6 | C44: 2 | D44: 2A | E44: 4 | F44: 107.49 | G44: 11.89 | H44: 1 | J44: מערב - צפון | L44: 110 | M44: כן
A45: 2 | B45: 7 | C45: 2 | D45: 2B | E45: 3 | F45: 87.66 | G45: 21.75 | H45: 2 | J45: מזרח - צפון | K45: כן | L45: 110 | M45: כן
A46: 2 | B46: 8 | C46: 2 | D46: 2C | E46: 4 | F46: 109.62 | G46: 12.91 | H46: 1 | J46: מזרח - דרום | K46: כן | L46: 110 | M46: כן
A47: 2 | B47: 9 | C47: 2 | D47: 2D | E47: 3 | F47: 78.65 | G47: 7.35 | H47: 1 | J47: דרום | L47: 80 | M47: כן
A48: 2 | B48: 10 | C48: 2 | D48: 2E | E48: 3 | F48: 79.9 | G48: 13.83 | H48: 1 | J48: מערב - דרום | L48: 80 | M48: כן
A49: 2 | B49: 11 | C49: 3 | D49: 2A | E49: 4 | F49: 107.49 | G49: 11.89 | H49: 1 | J49: מערב - צפון | L49: 110 | M49: כן
A50: 2 | B50: 12 | C50: 3 | D50: 2B | E50: 3 | F50: 87.66 | G50: 21.75 | H50: 2 | J50: מזרח - צפון | K50: כן | L50: 110 | M50: כן
A51: 2 | B51: 13 | C51: 3 | D51: 2C | E51: 4 | F51: 109.62 | G51: 12.91 | H51: 1 | J51: מזרח - דרום | K51: כן | L51: 110 | M51: כן
A52: 2 | B52: 14 | C52: 3 | D52: 2D | E52: 3 | F52: 78.65 | G52: 7.35 | H52: 1 | J52: דרום | L52: 80 | M52: כן
A53: 2 | B53: 15 | C53: 3 | D53: 2E | E53: 3 | F53: 79.9 | G53: 13.83 | H53: 1 | J53: מערב - דרום | L53: 80 | M53: כן
A54: 2 | B54: 16 | C54: 4 | D54: 2A | E54: 4 | F54: 107.49 | G54: 11.89 | H54: 1 | J54: מערב - צפון | L54: 110 | M54: כן
A55: 2 | B55: 17 | C55: 4 | D55: 2B | E55: 3 | F55: 87.66 | G55: 21.75 | H55: 2 | J55: מזרח - צפון | K55: כן | L55: 110 | M55: כן
A56: 2 | B56: 18 | C56: 4 | D56: 2C | E56: 4 | F56: 109.61 | G56: 12.91 | H56: 1 | J56: מזרח - דרום | K56: כן | L56: 110 | M56: כן
A57: 2 | B57: 19 | C57: 4 | D57: 2D | E57: 3 | F57: 78.65 | G57: 7.35 | H57: 1 | J57: דרום | L57: 80 | M57: כן
A58: 2 | B58: 20 | C58: 4 | D58: 2E | E58: 3 | F58: 79.9 | G58: 13.83 | H58: 1 | J58: מערב - דרום | L58: 80 | M58: כן
A59: 2 | B59: 21 | C59: 5 | D59: 2A | E59: 4 | F59: 107.41 | G59: 11.89 | H59: 1 | J59: מערב - צפון | L59: 110 | M59: כן
A60: 2 | B60: 22 | C60: 5 | D60: 2B | E60: 3 | F60: 87.66 | G60: 21.75 | H60: 2 | J60: מזרח - צפון | K60: כן | L60: 110 | M60: כן
A61: 2 | B61: 23 | C61: 5 | D61: 2F | E61: 5 | F61: 143.33 | G61: 17.3 | H61: 2 | J61: מזרח - דרום | K61: כן
A62: 2 | B62: 24 | C62: 5 | D62: 2G | E62: 5 | F62: 128.81 | G62: 16.05 | H62: 1 | J62: מערב - דרום
A63: 2 | B63: 25 | C63: 6 | D63: 2A | E63: 4 | F63: 107.41 | G63: 11.89 | H63: 1 | J63: מערב - צפון | L63: 110 | M63: כן
A64: 2 | B64: 26 | C64: 6 | D64: 2B | E64: 3 | F64: 87.66 | G64: 21.75 | H64: 2 | J64: מזרח - צפון | K64: כן | L64: 110 | M64: כן
A65: 2 | B65: 27 | C65: 6 | D65: 2F | E65: 5 | F65: 143.33 | G65: 17.3 | H65: 2 | J65: מזרח - דרום | K65: כן
A66: 2 | B66: 28 | C66: 6 | D66: 2G | E66: 5 | F66: 128.81 | G66: 16.05 | H66: 1 | J66: מערב - דרום
A67: 2 | B67: 29 | C67: 7 | D67: 2P | E67: 5 | F67: 158.91 | G67: 4.42 | H67: 1 | J67: מערב - דרום - צפון
A68: 2 | B68: 30 | C68: 7 | D68: 2P | E68: 4 | F68: 161.03 | G68: 4.42 | H68: 1 | J68: מזרח - דרום - צפון | K68: כן
A69: 2 | B69: 31 | C69: 8 | D69: 2P | E69: 5 | F69: 158.9 | G69: 4.42 | H69: 1 | J69: מערב - דרום - צפון
A70: 2 | B70: 32 | C70: 8 | D70: 2P | E70: 4 | F70: 161.03 | G70: 4.42 | H70: 1 | J70: מזרח - דרום - צפון | K70: כן
A71: 3 | B71: 1 | C71: 0 | D71: 3G | E71: 3 | F71: 77.22 | I71: כן | J71: מערב - צפון | L71: 80 | M71: כן
A72: 3 | B72: 2 | C72: 0 | D72: 3G | E72: 3 | F72: 76.89 | I72: כן | J72: מערב | L72: 80 | M72: כן
A73: 3 | B73: 3 | C73: 0 | D73: 3G | E73: 5 | F73: 111.05 | I73: כן | J73: מערב - דרום
A74: 3 | B74: 4 | C74: 1 | D74: 3A | E74: 3 | F74: 79.97 | G74: 13.5 | H74: 1 | J74: מערב - צפון | L74: 80 | M74: כן
A75: 3 | B75: 5 | C75: 1 | D75: 3B | E75: 4 | F75: 107.43 | G75: 14 | H75: 1 | J75: מזרח - צפון | K75: כן | L75: 110 | M75: כן
A76: 3 | B76: 6 | C76: 1 | D76: 3C | E76: 4 | F76: 109.01 | G76: 14 | H76: 1 | J76: מזרח - דרום | K76: כן | L76: 110 | M76: כן
A77: 3 | B77: 7 | C77: 1 | D77: 3D | E77: 4 | F77: 109.52 | G77: 12.91 | H77: 1 | J77: מערב - דרום | L77: 110 | M77: כן
A78: 3 | B78: 8 | C78: 1 | D78: 3E | E78: 3 | F78: 78.68 | G78: 7.37 | H78: 1 | J78: מערב | L78: 80 | M78: כן
A79: 3 | B79: 9 | C79: 2 | D79: 3A | E79: 3 | F79: 79.97 | G79: 13.5 | H79: 1 | J79: מערב - צפון | L79: 80 | M79: כן
A80: 3 | B80: 10 | C80: 2 | D80: 3B | E80: 4 | F80: 107.43 | G80: 14 | H80: 1 | J80: מזרח - צפון | K80: כן | L80: 110 | M80: כן
A81: 3 | B81: 11 | C81: 2 | D81: 3C | E81: 4 | F81: 109.01 | G81: 14 | H81: 1 | J81: מזרח - דרום | K81: כן | L81: 110 | M81: כן
A82: 3 | B82: 12 | C82: 2 | D82: 3D | E82: 4 | F82: 109.52 | G82: 12.91 | H82: 1 | J82: מערב - דרום | L82: 110 | M82: כן
A83: 3 | B83: 13 | C83: 2 | D83: 3E | E83: 3 | F83: 78.68 | G83: 7.37 | H83: 1 | J83: מערב | L83: 80 | M83: כן
A84: 3 | B84: 14 | C84: 3 | D84: 3A | E84: 3 | F84: 79.97 | G84: 13.5 | H84: 1 | J84: מערב - צפון | L84: 80 | M84: כן
A85: 3 | B85: 15 | C85: 3 | D85: 3B | E85: 4 | F85: 107.43 | G85: 14 | H85: 1 | J85: מזרח - צפון | K85: כן | L85: 110 | M85: כן
A86: 3 | B86: 16 | C86: 3 | D86: 3C | E86: 4 | F86: 109.01 | G86: 14 | H86: 1 | J86: מזרח - דרום | K86: כן | L86: 110 | M86: כן
A87: 3 | B87: 17 | C87: 3 | D87: 3D | E87: 4 | F87: 109.52 | G87: 12.91 | H87: 1 | J87: מערב - דרום | L87: 110 | M87: כן
A88: 3 | B88: 18 | C88: 3 | D88: 3E | E88: 3 | F88: 78.68 | G88: 7.37 | H88: 1 | J88: מערב | L88: 80 | M88: כן
A89: 3 | B89: 19 | C89: 4 | D89: 3A | E89: 3 | F89: 79.97 | G89: 13.5 | H89: 1 | J89: מערב - צפון | L89: 80 | M89: כן
A90: 3 | B90: 20 | C90: 4 | D90: 3B | E90: 4 | F90: 107.43 | G90: 14 | H90: 1 | J90: מזרח - צפון | K90: כן | L90: 110 | M90: כן
A91: 3 | B91: 21 | C91: 4 | D91: 3C | E91: 4 | F91: 109.01 | G91: 14 | H91: 1 | J91: מזרח - דרום | K91: כן | L91: 110 | M91: כן
A92: 3 | B92: 22 | C92: 4 | D92: 3D | E92: 4 | F92: 109.52 | G92: 12.91 | H92: 1 | J92: מערב - דרום | L92: 110 | M92: כן
A93: 3 | B93: 23 | C93: 4 | D93: 3E | E93: 3 | F93: 78.68 | G93: 7.37 | H93: 1 | J93: מערב | L93: 80 | M93: כן
A94: 3 | B94: 24 | C94: 5 | D94: 3A | E94: 3 | F94: 79.97 | G94: 13.5 | H94: 1 | J94: מערב - צפון | L94: 80 | M94: כן
A95: 3 | B95: 25 | C95: 5 | D95: 3B | E95: 4 | F95: 107.43 | G95: 14 | H95: 1 | J95: מזרח - צפון | K95: כן | L95: 110 | M95: כן
A96: 3 | B96: 26 | C96: 5 | D96: 3C | E96: 4 | F96: 109.01 | G96: 14 | H96: 1 | J96: מזרח - דרום | K96: כן | L96: 110 | M96: כן
A97: 3 | B97: 27 | C97: 5 | D97: 3D | E97: 4 | F97: 109.52 | G97: 12.91 | H97: 1 | J97: מערב - דרום | L97: 110 | M97: כן
A98: 3 | B98: 28 | C98: 5 | D98: 3E | E98: 3 | F98: 78.68 | G98: 7.37 | H98: 1 | J98: מערב | L98: 80 | M98: כן
A99: 3 | B99: 29 | C99: 6 | D99: 3F | E99: 5 | F99: 127.67 | G99: 17.22 | H99: 1 | J99: מזרח - צפון | K99: כן
A100: 3 | B100: 30 | C100: 6 | D100: 3B | E100: 4 | F100: 107.43 | G100: 14 | H100: 1 | J100: מזרח - צפון | K100: כן | L100: 110 | M100: כן
...
